AW3 Technology - 5-Year Financial Projections (Venture Studio Model),,,,,,,,,,,,
All figures in USD,,,,,,,,,,,,
,,,,,,,,,,,,
REVENUE PROJECTIONS,,,,,,,,,,,,
,Year 1 (2025),Q1 2025,Q2 2025,Q3 2025,Q4 2025,Year 2 (2026),Year 3 (2027),Year 4 (2028),Year 5 (2029),,,
,,,,,,,,,,,,
Venture Services & Consulting Revenue,,,,,,,,,,,,
Software Development Services,$250000,$50000,$60000,$65000,$75000,$400000,$550000,$700000,$800000,,,
UI/UX Design & Branding,$50000,$10000,$12000,$13000,$15000,$80000,$120000,$150000,$200000,,,
Strategic Advisory & Fundraising,$50000,$8000,$10000,$15000,$17000,$100000,$150000,$200000,$250000,,,
Total Consulting Revenue,$350000,$68000,$82000,$93000,$107000,$580000,$820000,$1050000,$1250000,,,
,,,,,,,,,,,,
Product Revenue,,,,,,,,,,,,
SunScript Licenses,$30000,$0,$0,$10000,$20000,$300000,$900000,$2000000,$3500000,,,
SunScript Cloud IDE,$20000,$0,$0,$5000,$15000,$200000,$600000,$1500000,$2500000,,,
PoL Protocol Licensing,$0,$0,$0,$0,$0,$50000,$200000,$500000,$1000000,,,
Total Product Revenue,$50000,$0,$0,$15000,$35000,$550000,$1700000,$4000000,$7000000,,,
,,,,,,,,,,,,
Asset & Investment Income,,,,,,,,,,,,
Portfolio Company Distributions,$50000,$5000,$10000,$15000,$20000,$100000,$200000,$300000,$400000,,,
Domain Sales/Licensing,$50000,$0,$15000,$20000,$15000,$100000,$100000,$100000,$100000,,,
Total Asset Income,$100000,$5000,$25000,$35000,$35000,$200000,$300000,$400000,$500000,,,
,,,,,,,,,,,,
TOTAL REVENUE,$500000,$73000,$107000,$143000,$177000,$1330000,$2820000,$5450000,$8750000,,,
,,,,,,,,,,,,
COST OF REVENUE,,,,,,,,,,,,
Consulting COGS (60%),$210000,$41000,$49000,$56000,$64000,$348000,$492000,$630000,$750000,,,
Product COGS (20%),$10000,$0,$0,$3000,$7000,$110000,$340000,$800000,$1400000,,,
Total COGS,$220000,$41000,$49000,$59000,$71000,$458000,$832000,$1430000,$2150000,,,
,,,,,,,,,,,,
GROSS PROFIT,$280000,$32000,$58000,$84000,$106000,$872000,$1988000,$4020000,$6600000,,,
Gross Margin %,56%,43.8%,54.2%,58.7%,59.9%,65.6%,70.5%,73.8%,75.4%,,,
,,,,,,,,,,,,
OPERATING EXPENSES,,,,,,,,,,,,
Personnel Costs,,,,,,,,,,,,
Core Team Salaries,$180000,$30000,$40000,$50000,$60000,$480000,$720000,$960000,$1200000,,,
New Hires (Post-Funding),$120000,$0,$20000,$40000,$60000,$360000,$480000,$600000,$720000,,,
Benefits & Payroll Tax,$60000,$6000,$12000,$18000,$24000,$168000,$240000,$312000,$384000,,,
Total Personnel,$360000,$36000,$72000,$108000,$144000,$1008000,$1440000,$1872000,$2304000,,,
,,,,,,,,,,,,
Sales & Marketing,,,,,,,,,,,,
Developer Outreach,$50000,$5000,$10000,$15000,$20000,$100000,$150000,$200000,$250000,,,
Content & Documentation,$25000,$3000,$5000,$7000,$10000,$50000,$75000,$100000,$125000,,,
Conferences & Events,$40000,$5000,$8000,$12000,$15000,$80000,$120000,$160000,$200000,,,
Digital Marketing,$35000,$3000,$7000,$10000,$15000,$70000,$105000,$140000,$175000,,,
Total Sales & Marketing,$150000,$16000,$30000,$44000,$60000,$300000,$450000,$600000,$750000,,,
,,,,,,,,,,,,
Technology & Infrastructure,,,,,,,,,,,,
Cloud Services (AWS/Azure),$36000,$6000,$8000,$10000,$12000,$72000,$108000,$144000,$180000,,,
Software Licenses,$24000,$4000,$5000,$6000,$9000,$48000,$72000,$96000,$120000,,,
Security & Compliance,$20000,$2000,$4000,$6000,$8000,$40000,$60000,$80000,$100000,,,
Total Tech & Infrastructure,$80000,$12000,$17000,$22000,$29000,$160000,$240000,$320000,$400000,,,
,,,,,,,,,,,,
General & Administrative,,,,,,,,,,,,
Legal & IP Protection,$30000,$3000,$5000,$10000,$12000,$60000,$90000,$120000,$150000,,,
Accounting & Tax,$24000,$4000,$5000,$6000,$9000,$48000,$60000,$72000,$84000,,,
Insurance,$12000,$2000,$2500,$3000,$4500,$24000,$36000,$48000,$60000,,,
Office & Other,$18000,$3000,$4000,$5000,$6000,$36000,$54000,$72000,$90000,,,
Total G&A,$84000,$12000,$16500,$24000,$31500,$168000,$240000,$312000,$384000,,,
,,,,,,,,,,,,
Research & Development,$100000,$10000,$20000,$30000,$40000,$200000,$300000,$400000,$500000,,,
,,,,,,,,,,,,
TOTAL OPERATING EXPENSES,$774000,$86000,$155500,$228000,$304500,$1836000,$2670000,$3504000,$4338000,,,
,,,,,,,,,,,,
EBITDA,($494000),($54000),($97500),($144000),($198500),($964000),($682000),$516000,$2262000,,,
EBITDA Margin %,-98.8%,-74.0%,-91.1%,-100.7%,-112.1%,-72.5%,-24.2%,9.5%,25.9%,,,
,,,,,,,,,,,,
Other Items,,,,,,,,,,,,
Depreciation & Amortization,$12000,$2000,$3000,$3000,$4000,$24000,$36000,$48000,$60000,,,
Interest Income,$5000,$500,$1000,$1500,$2000,$10000,$15000,$20000,$25000,,,
,,,,,,,,,,,,
NET INCOME (LOSS),($501000),($55500),($99500),($145500),($200500),($978000),($703000),$488000,$2227000,,,
Net Margin %,-100.2%,-76.0%,-93.0%,-101.7%,-113.3%,-73.5%,-24.9%,9.0%,25.5%,,,
,,,,,,,,,,,,
KEY METRICS,,,,,,,,,,,,
,,,,,,,,,,,,
Customer Metrics,,,,,,,,,,,,
Consulting Clients,20,4,5,6,5,30,40,50,60,,,
SunScript Developers,100,0,0,30,70,1000,3000,6000,10000,,,
PoL Validators,0,0,0,0,0,50,200,500,1000,,,
Portfolio Companies,16,16,16,16,16,20,25,30,35,,,
,,,,,,,,,,,,
Unit Economics,,,,,,,,,,,,
Avg Consulting Project,$17500,$17000,$16400,$15500,$21400,$19333,$20500,$21000,$20833,,,
SunScript ACV,$500,$0,$0,$500,$500,$500,$500,$583,$600,,,
Customer Acquisition Cost,$5000,$4000,$6000,$7333,$8714,$6000,$5625,$5000,$4583,,,
CLV/LTV Ratio,5.0,4.3,2.7,2.1,2.5,3.2,3.6,4.2,4.5,,,
Gross Margin %,56%,44%,54%,59%,60%,66%,71%,74%,75%,,,
,,,,,,,,,,,,
Sales Efficiency,,,,,,,,,,,,
Sales & Marketing as % of Revenue,30%,22%,28%,31%,34%,23%,16%,11%,9%,,,
Revenue per Employee,62500,9125,8917,11917,14750,95000,141000,227083,291667,,,
Burn Rate (Monthly),$41167,$18000,$32583,$48000,$66167,$81000,$56833,($40667),($185583),,,
,,,,,,,,,,,,
Financial Health,,,,,,,,,,,,
Cash Balance (Start),$100000,$100000,$1544500,$1445000,$1300500,$1100000,$122000,($581000),$1407000,,,
Funding Raised,$1500000,$1500000,$0,$0,$0,$0,$0,$2500000,$0,,,
Cash Balance (End),$1099000,$1544500,$1445000,$1300500,$1100000,$122000,($581000),$1407000,$3634000,,,
,,,,,,,,,,,,
Employee Metrics,,,,,,,,,,,,
Headcount (End of Period),8,3,4,6,8,14,20,24,30,,,
Core Team,3,3,3,3,3,4,5,6,8,,,
New Hires,5,0,1,3,5,10,15,18,22,,,
Average Salary,$75000,$60000,$70000,$75000,$90000,$86000,$90000,$93000,$96000,,,
,,,,,,,,,,,,
FUNDING ASSUMPTIONS,,,,,,,,,,,,
,,,,,,,,,,,,
Funding Events,,,,,,,,,,,,
Seed Round (Current),$1500000,$1500000,,,,,,,,,
Series A (Q3 2026),$2500000,,,,,,$2500000,,,,,
Token Sale (Q4 2026),$5000000,,,,,,,$5000000,,,,
Series B (2028),$10000000,,,,,,,,$10000000,,,
Total Funding Raised,$19000000,,,,,,,,,,,
,,,,,,,,,,,,
Valuation Milestones,,,,,,,,,,,,
Pre-money Valuation,$5000000,$5000000,,,$5000000,$15000000,$40000000,$100000000,$250000000,,,
Post-money Valuation,$6500000,$6500000,,,$6500000,$17500000,$45000000,$110000000,$260000000,,,
,,,,,,,,,,,,
KEY MILESTONES,,,,,,,,,,,,
,,,,,,,,,,,,
2025 Goals,,,,,,,,,,,,
- Close $1.5M seed funding,✓,Q1,,,,,,,,,,
- Launch SunScript beta,,,✓,Q3,,,,,,,
- Deploy PoL testnet,,,,✓,Q4,,,,,,
- Reach 100 developers,,,,,✓,Q4,,,,,
,,,,,,,,,,,,
2026 Goals,,,,,,,,,,,,
- SunScript production release,,,,,,,Q2,,,,,
- PoL mainnet launch,,,,,,,Q4,,,,,
- 1000+ active developers,,,,,,,✓,,,,,
- Break-even operations,,,,,,,Q4,,,,,
,,,,,,,,,,,,
Tax Benefits,,,,,,,,,,,,
NOL Carryforward Available,$96243,From 2022-2023 losses,,,,,,,,,
Estimated Tax Savings,$28873,At 30% effective rate,,,,,,,,,